Date Index,Date,SORA
2,03-Jan-18,0.7915
3,04-Jan-18,1.0355
4,05-Jan-18,0.6058
5,08-Jan-18,0.3425
8,09-Jan-18,0.0458
9,10-Jan-18,0.056
10,11-Jan-18,0.1294
11,12-Jan-18,0.066
12,15-Jan-18,0.4538
15,16-Jan-18,0.1639
16,17-Jan-18,0.0973
17,18-Jan-18,0.138
18,19-Jan-18,0.0868
19,22-Jan-18,0.6715
22,23-Jan-18,0.6374
23,24-Jan-18,0.1786
24,25-Jan-18,0.1183
25,26-Jan-18,0.0602
26,29-Jan-18,0.1977
29,30-Jan-18,0.2863
30,31-Jan-18,0.6653
31,01-Feb-18,0.8294
1,02-Feb-18,0.7742
2,05-Feb-18,0.9899
5,06-Feb-18,0.5491
6,07-Feb-18,0.6143
7,08-Feb-18,0.6509
8,09-Feb-18,0.8123
9,12-Feb-18,1.3314
12,13-Feb-18,1.391
13,14-Feb-18,1.1126
14,15-Feb-18,0.6005
15,19-Feb-18,0.5852
19,20-Feb-18,0.7581
20,21-Feb-18,0.916
21,22-Feb-18,1.1141
22,23-Feb-18,1.2325
23,26-Feb-18,1.5934
26,27-Feb-18,1.6497
27,28-Feb-18,1.5178
28,01-Mar-18,0.5943
1,02-Mar-18,0.3726
2,05-Mar-18,0.5802
5,06-Mar-18,0.8453
6,07-Mar-18,0.7439
7,08-Mar-18,0.9541
8,09-Mar-18,0.8161
9,12-Mar-18,0.8321
12,13-Mar-18,0.7758
13,14-Mar-18,0.5956
14,15-Mar-18,0.5853
15,16-Mar-18,0.5777
16,19-Mar-18,0.2856
19,20-Mar-18,0.5764
20,21-Mar-18,0.671
21,22-Mar-18,0.9127
22,23-Mar-18,0.7604
23,26-Mar-18,0.7599
26,27-Mar-18,0.6705
27,28-Mar-18,0.7152
28,29-Mar-18,0.5858
29,02-Apr-18,0.7834
2,03-Apr-18,0.6773
3,04-Apr-18,0.5953
4,05-Apr-18,0.4255
5,06-Apr-18,0.1524
6,09-Apr-18,0.1727
9,10-Apr-18,0.1867
10,11-Apr-18,0.2671
11,12-Apr-18,0.2775
12,13-Apr-18,0.2905
13,16-Apr-18,0.3699
16,17-Apr-18,0.3521
17,18-Apr-18,0.3924
18,19-Apr-18,0.4361
19,20-Apr-18,1.0692
20,23-Apr-18,1.3329
23,24-Apr-18,1.1291
24,25-Apr-18,0.8744
25,26-Apr-18,0.8638
26,27-Apr-18,0.9956
27,30-Apr-18,1.756
30,02-May-18,1.4725
2,03-May-18,1.1115
3,04-May-18,1.0984
4,07-May-18,1.1747
7,08-May-18,1.3977
8,09-May-18,1.5624
9,10-May-18,1.5366
10,11-May-18,0.9983
11,14-May-18,0.8759
14,15-May-18,0.9905
15,16-May-18,0.7019
16,17-May-18,0.6264
17,18-May-18,0.4188
18,21-May-18,0.4564
21,22-May-18,0.6761
22,23-May-18,0.6852
23,24-May-18,1.2815
24,25-May-18,1.0365
25,28-May-18,1.4118
28,30-May-18,1.5135
30,31-May-18,1.5544
31,01-Jun-18,1.1205
1,04-Jun-18,0.9958
4,05-Jun-18,1.431
5,06-Jun-18,1.5185
6,07-Jun-18,1.4606
7,08-Jun-18,1.0974
8,11-Jun-18,1.1256
11,12-Jun-18,1.0994
12,13-Jun-18,0.789
13,14-Jun-18,0.5849
14,18-Jun-18,0.7504
18,19-Jun-18,0.5232
19,20-Jun-18,0.4036
20,21-Jun-18,0.4929
21,22-Jun-18,0.5651
22,25-Jun-18,0.4658
25,26-Jun-18,0.6866
26,27-Jun-18,0.9323
27,28-Jun-18,0.8223
28,29-Jun-18,0.8296
29,02-Jul-18,1.3426
2,03-Jul-18,0.9918
3,04-Jul-18,0.916
4,05-Jul-18,0.8344
5,06-Jul-18,0.8786
6,09-Jul-18,1.4412
9,10-Jul-18,1.4302
10,11-Jul-18,1.4064
11,12-Jul-18,1.3745
12,13-Jul-18,1.2384
13,16-Jul-18,1.1951
16,17-Jul-18,1.1635
17,18-Jul-18,0.7706
18,19-Jul-18,0.8579
19,20-Jul-18,0.9735
20,23-Jul-18,1.0492
23,24-Jul-18,1.4072
24,25-Jul-18,1.4046
25,26-Jul-18,0.9908
26,27-Jul-18,1.1911
27,30-Jul-18,1.4968
30,31-Jul-18,1.5623
31,01-Aug-18,1.7311
1,02-Aug-18,1.8083
2,03-Aug-18,1.6714
3,06-Aug-18,1.8187
6,07-Aug-18,1.8285
7,08-Aug-18,1.4463
8,10-Aug-18,1.3192
10,13-Aug-18,1.4192
13,14-Aug-18,1.7705
14,15-Aug-18,1.4315
15,16-Aug-18,1.6876
16,17-Aug-18,1.0175
17,20-Aug-18,0.8028
20,21-Aug-18,0.7479
21,23-Aug-18,1.224
23,24-Aug-18,1.1864
24,27-Aug-18,1.546
27,28-Aug-18,1.5029
28,29-Aug-18,1.3932
29,30-Aug-18,1.358
30,31-Aug-18,1.1073
31,03-Sep-18,1.0628
3,04-Sep-18,0.9531
4,05-Sep-18,1.0603
5,06-Sep-18,0.6039
6,07-Sep-18,0.68
7,10-Sep-18,0.7885
10,11-Sep-18,0.6444
11,12-Sep-18,0.6249
12,13-Sep-18,0.8635
13,14-Sep-18,0.8372
14,17-Sep-18,1.0121
17,18-Sep-18,1.2431
18,19-Sep-18,1.2587
19,20-Sep-18,1.3053
20,21-Sep-18,1.3883
21,24-Sep-18,1.4172
24,25-Sep-18,1.1161
25,26-Sep-18,1.2211
26,27-Sep-18,1.0801
27,28-Sep-18,1.011
28,01-Oct-18,1.1084
1,02-Oct-18,1.1854
2,03-Oct-18,1.0854
3,04-Oct-18,1.1103
4,05-Oct-18,1.273
5,08-Oct-18,1.2754
8,09-Oct-18,1.0762
9,10-Oct-18,1.1576
10,11-Oct-18,1.0035
11,12-Oct-18,1.1007
12,15-Oct-18,1.1695
15,16-Oct-18,1.1025
16,17-Oct-18,0.941
17,18-Oct-18,1.0147
18,19-Oct-18,1.1154
19,22-Oct-18,1.3026
22,23-Oct-18,1.2159
23,24-Oct-18,1.2068
24,25-Oct-18,1.3389
25,26-Oct-18,1.3532
26,29-Oct-18,1.2862
29,30-Oct-18,1.3056
30,31-Oct-18,1.3336
31,01-Nov-18,1.4498
1,02-Nov-18,1.5274
2,05-Nov-18,1.5642
5,07-Nov-18,1.3473
7,08-Nov-18,1.2537
8,09-Nov-18,1.2862
9,12-Nov-18,1.263
12,13-Nov-18,1.2342
13,14-Nov-18,1.2595
14,15-Nov-18,1.1703
15,16-Nov-18,1.4816
16,19-Nov-18,1.8768
19,20-Nov-18,1.9294
20,21-Nov-18,1.5162
21,22-Nov-18,1.7144
22,23-Nov-18,1.5247
23,26-Nov-18,1.5637
26,27-Nov-18,1.462
27,28-Nov-18,1.3705
28,29-Nov-18,1.3427
29,30-Nov-18,1.8059
30,03-Dec-18,1.9655
3,04-Dec-18,1.8987
4,05-Dec-18,1.6113
5,06-Dec-18,1.2463
6,07-Dec-18,0.4604
7,10-Dec-18,1.1288
10,11-Dec-18,1.1137
11,12-Dec-18,1.3151
12,13-Dec-18,1.6167
13,14-Dec-18,1.5868
14,17-Dec-18,1.5526
17,18-Dec-18,1.4564
18,19-Dec-18,1.5719
19,20-Dec-18,1.9044
20,21-Dec-18,2.0203
21,24-Dec-18,2.0633
24,26-Dec-18,1.9447
26,27-Dec-18,2.1772
27,28-Dec-18,1.7089
28,31-Dec-18,1.846
31,02-Jan-19,1.7645
2,03-Jan-19,1.2781
3,04-Jan-19,0.9545
4,07-Jan-19,1.264
7,08-Jan-19,1.147
8,09-Jan-19,1.1236
9,10-Jan-19,1.1964
10,11-Jan-19,1.0776
11,14-Jan-19,1.1299
14,15-Jan-19,1.1263
15,16-Jan-19,1.0919
16,17-Jan-19,1.3666
17,18-Jan-19,1.5422
18,21-Jan-19,1.6371
21,22-Jan-19,1.4506
22,23-Jan-19,1.7363
23,24-Jan-19,1.8543
24,25-Jan-19,1.9116
25,28-Jan-19,1.7582
28,29-Jan-19,1.8305
29,30-Jan-19,1.89
30,31-Jan-19,1.9188
31,01-Feb-19,1.8978
1,04-Feb-19,1.6472
4,07-Feb-19,1.7538
7,08-Feb-19,1.6384
8,11-Feb-19,1.8156
11,12-Feb-19,1.7735
12,13-Feb-19,1.7882
13,14-Feb-19,1.7162
14,15-Feb-19,1.6528
15,18-Feb-19,1.5548
18,19-Feb-19,1.558
19,20-Feb-19,1.7053
20,21-Feb-19,1.5467
21,22-Feb-19,1.5324
22,25-Feb-19,1.707
25,26-Feb-19,1.6459
26,27-Feb-19,1.5746
27,28-Feb-19,1.4256
28,01-Mar-19,1.6556
1,04-Mar-19,1.8033
4,05-Mar-19,1.4282
5,06-Mar-19,1.3116
6,07-Mar-19,1.2044
7,08-Mar-19,1.2488
8,11-Mar-19,1.099
11,12-Mar-19,1.1414
12,13-Mar-19,1.0192
13,14-Mar-19,1.0662
14,15-Mar-19,1.0579
15,18-Mar-19,1.2407
18,19-Mar-19,1.2236
19,20-Mar-19,1.4223
20,21-Mar-19,1.5833
21,22-Mar-19,1.6409
22,25-Mar-19,1.6422
25,26-Mar-19,1.5807
26,27-Mar-19,1.6774
27,28-Mar-19,1.8564
28,29-Mar-19,1.8534
29,01-Apr-19,2.2358
1,02-Apr-19,1.5456
2,03-Apr-19,1.5339
3,04-Apr-19,1.4935
4,05-Apr-19,1.4388
5,08-Apr-19,1.7328
8,09-Apr-19,1.787
9,10-Apr-19,1.7875
10,11-Apr-19,1.7077
11,12-Apr-19,1.6421
12,15-Apr-19,1.6636
15,16-Apr-19,1.6009
16,17-Apr-19,1.6481
17,18-Apr-19,1.6017
18,22-Apr-19,1.7528
22,23-Apr-19,1.7772
23,24-Apr-19,1.7087
24,25-Apr-19,1.694
25,26-Apr-19,1.766
26,29-Apr-19,1.6678
29,30-Apr-19,1.8593
30,02-May-19,2.0791
2,03-May-19,1.9441
3,06-May-19,1.9643
6,07-May-19,1.9961
7,08-May-19,2.1542
8,09-May-19,1.99
9,10-May-19,1.7012
10,13-May-19,1.7954
13,14-May-19,1.6964
14,15-May-19,1.8553
15,16-May-19,1.7315
16,17-May-19,1.8167
17,21-May-19,2.039
21,22-May-19,1.695
22,23-May-19,1.7432
23,24-May-19,1.4486
24,27-May-19,1.7018
27,28-May-19,1.673
28,29-May-19,1.8282
29,30-May-19,1.914
30,31-May-19,1.5849
31,03-Jun-19,1.8757
3,04-Jun-19,1.786
4,06-Jun-19,1.6102
6,07-Jun-19,1.3635
7,10-Jun-19,1.9579
10,11-Jun-19,1.9555
11,12-Jun-19,2.1023
12,13-Jun-19,1.8346
13,14-Jun-19,1.1671
14,17-Jun-19,1.2907
17,18-Jun-19,1.2541
18,19-Jun-19,1.3965
19,20-Jun-19,1.2413
20,21-Jun-19,1.2634
21,24-Jun-19,1.5855
24,25-Jun-19,1.5577
25,26-Jun-19,1.4176
26,27-Jun-19,1.3439
27,28-Jun-19,1.4207
28,01-Jul-19,1.673
1,02-Jul-19,1.5492
2,03-Jul-19,1.5807
3,04-Jul-19,1.5546
4,05-Jul-19,1.3368
5,08-Jul-19,1.5244
8,09-Jul-19,1.4361
9,10-Jul-19,1.4389
10,11-Jul-19,1.4191
11,12-Jul-19,1.2798
12,15-Jul-19,1.3533
15,16-Jul-19,1.373
16,17-Jul-19,1.3579
17,18-Jul-19,1.4758
18,19-Jul-19,1.5818
19,22-Jul-19,1.7574
22,23-Jul-19,1.7604
23,24-Jul-19,1.6938
24,25-Jul-19,1.6323
25,26-Jul-19,1.5729
26,29-Jul-19,1.6436
29,30-Jul-19,1.7231
30,31-Jul-19,1.9407
31,01-Aug-19,1.9413
1,02-Aug-19,1.6926
2,05-Aug-19,1.7049
5,06-Aug-19,1.7662
6,07-Aug-19,1.8936
7,08-Aug-19,1.6249
8,13-Aug-19,1.8084
13,14-Aug-19,1.6639
14,15-Aug-19,1.6949
15,16-Aug-19,1.5082
16,19-Aug-19,1.6281
19,20-Aug-19,1.4024
20,21-Aug-19,1.2771
21,22-Aug-19,1.3259
22,23-Aug-19,1.2491
23,26-Aug-19,1.286
26,27-Aug-19,1.3413
27,28-Aug-19,1.4376
28,29-Aug-19,1.6368
29,30-Aug-19,1.9107
30,02-Sep-19,1.7441
2,03-Sep-19,1.4403
3,04-Sep-19,1.5036
4,05-Sep-19,1.511
5,06-Sep-19,1.5743
6,09-Sep-19,1.6121
9,10-Sep-19,1.7302
10,11-Sep-19,1.6328
11,12-Sep-19,1.6192
12,13-Sep-19,1.4631
13,16-Sep-19,1.4859
16,17-Sep-19,1.5503
17,18-Sep-19,1.4199
18,19-Sep-19,1.1938
19,20-Sep-19,0.749
20,23-Sep-19,0.6849
23,24-Sep-19,0.7375
24,25-Sep-19,1.2017
25,26-Sep-19,1.5154
26,27-Sep-19,1.5821
27,30-Sep-19,1.5874
30,01-Oct-19,1.7204
1,02-Oct-19,1.4092
2,03-Oct-19,1.4611
3,04-Oct-19,1.3062
4,07-Oct-19,1.1102
7,08-Oct-19,1.117
8,09-Oct-19,0.9774
9,10-Oct-19,1.06
10,11-Oct-19,1.1568
11,14-Oct-19,1.2871
14,15-Oct-19,1.0672
15,16-Oct-19,1.0975
16,17-Oct-19,1.2266
17,18-Oct-19,1.2593
18,21-Oct-19,1.2586
21,22-Oct-19,1.3364
22,23-Oct-19,1.4067
23,24-Oct-19,1.5925
24,25-Oct-19,1.4978
25,29-Oct-19,1.7417
29,30-Oct-19,1.73
30,31-Oct-19,1.6836
31,01-Nov-19,1.6432
1,04-Nov-19,1.338
4,05-Nov-19,1.0749
5,06-Nov-19,0.8751
6,07-Nov-19,0.7925
7,08-Nov-19,0.5491
8,11-Nov-19,0.7595
11,12-Nov-19,0.6814
12,13-Nov-19,0.9573
13,14-Nov-19,0.9095
14,15-Nov-19,0.9153
15,18-Nov-19,1.1029
18,19-Nov-19,1.044
19,20-Nov-19,1.0882
20,21-Nov-19,1.3661
21,22-Nov-19,1.5404
22,25-Nov-19,1.5447
25,26-Nov-19,1.5496
26,27-Nov-19,1.5313
27,28-Nov-19,1.4054
28,29-Nov-19,1.4213
29,02-Dec-19,1.6264
2,03-Dec-19,1.5192
3,04-Dec-19,1.2475
4,05-Dec-19,1.1507
5,06-Dec-19,1.2829
6,09-Dec-19,1.3218
9,10-Dec-19,1.369
10,11-Dec-19,1.3442
11,12-Dec-19,1.2755
12,13-Dec-19,1.0079
13,16-Dec-19,1.1518
16,17-Dec-19,0.6668
17,18-Dec-19,0.4863
18,19-Dec-19,0.2698
19,20-Dec-19,0.9469
20,23-Dec-19,1.4292
23,24-Dec-19,1.9062
24,26-Dec-19,1.9185
26,27-Dec-19,1.3502
27,30-Dec-19,1.1994
30,31-Dec-19,1.0252
31,02-Jan-20,1.3562
2,03-Jan-20,1.6813
3,06-Jan-20,1.2271
6,07-Jan-20,0.9619
7,08-Jan-20,1.0309
8,09-Jan-20,1.0006
9,10-Jan-20,1.0299
10,13-Jan-20,1.181
13,14-Jan-20,1.0595
14,15-Jan-20,0.8209
15,16-Jan-20,0.8514
16,17-Jan-20,0.9215
17,20-Jan-20,1.1806
20,21-Jan-20,0.7793
21,22-Jan-20,1.0474
22,23-Jan-20,1.0442
23,24-Jan-20,1.0101
24,28-Jan-20,1.2578
28,29-Jan-20,1.1813
29,30-Jan-20,1.0807
30,31-Jan-20,1.3564
31,03-Feb-20,1.6492
3,04-Feb-20,1.471
4,05-Feb-20,1.1359
5,06-Feb-20,1.1134
6,07-Feb-20,0.9655
7,10-Feb-20,0.7943
10,11-Feb-20,0.9541
11,12-Feb-20,0.833
12,13-Feb-20,0.7835
13,14-Feb-20,0.9036
14,17-Feb-20,1.065
17,18-Feb-20,0.9734
18,19-Feb-20,1.1336
19,20-Feb-20,1.0811
20,21-Feb-20,0.6284
21,24-Feb-20,0.7445
24,25-Feb-20,0.925
25,26-Feb-20,0.9665
26,27-Feb-20,0.9239
27,28-Feb-20,0.9498
28,02-Mar-20,1.2581
2,03-Mar-20,0.8472
3,04-Mar-20,0.6216
4,05-Mar-20,0.5175
5,06-Mar-20,0.5118
6,09-Mar-20,0.6843
9,10-Mar-20,0.7093
10,11-Mar-20,0.6182
11,12-Mar-20,0.3967
12,13-Mar-20,0.5165
13,16-Mar-20,0.5155
16,17-Mar-20,0.3803
17,18-Mar-20,0.58
18,19-Mar-20,0.5029
19,20-Mar-20,0.4505
20,23-Mar-20,0.5115
23,24-Mar-20,0.3313
24,25-Mar-20,0.2191
25,26-Mar-20,0.2272
26,27-Mar-20,0.2559
27,30-Mar-20,0.1636
30,31-Mar-20,0.2091
31,01-Apr-20,0.267
1,02-Apr-20,0.2545
2,03-Apr-20,0.2404
3,06-Apr-20,0.2481
6,07-Apr-20,0.2391
7,08-Apr-20,0.4194
8,09-Apr-20,0.6002
9,13-Apr-20,0.6151
13,14-Apr-20,0.3271
14,15-Apr-20,0.3969
15,16-Apr-20,0.4392
16,17-Apr-20,0.3678
17,20-Apr-20,0.1952
20,21-Apr-20,0.1123
21,22-Apr-20,0.055
22,23-Apr-20,0.0723
23,24-Apr-20,0.0704
24,27-Apr-20,0.0805
27,28-Apr-20,0.1393
28,29-Apr-20,0.1175
29,30-Apr-20,0.1516
30,04-May-20,0.0879
4,05-May-20,0.0849
5,06-May-20,0.0708
6,08-May-20,0.0387
8,11-May-20,0.0388
11,12-May-20,0.0458
12,13-May-20,0.05
13,14-May-20,0.0269
14,15-May-20,0.0207
15,18-May-20,0.0235
18,19-May-20,0.0152
19,20-May-20,0.0135
20,21-May-20,0.015
21,22-May-20,0.0518
22,26-May-20,0.0429
26,27-May-20,0.0883
27,28-May-20,0.0838
28,29-May-20,0.0897
29,01-Jun-20,0.1246
1,02-Jun-20,0.0545
2,03-Jun-20,0.0371
3,04-Jun-20,0.0286
4,05-Jun-20,0.0377
5,08-Jun-20,0.0369
8,09-Jun-20,0.0472
9,10-Jun-20,0.0378
10,11-Jun-20,0.0708
11,12-Jun-20,0.1004
12,15-Jun-20,0.1215
15,16-Jun-20,0.1139
16,17-Jun-20,0.1057
17,18-Jun-20,0.065
18,19-Jun-20,0.0884
19,22-Jun-20,0.1049
22,23-Jun-20,0.1386
23,24-Jun-20,0.1507
24,25-Jun-20,0.0979
25,26-Jun-20,0.1942
26,29-Jun-20,0.1701
29,30-Jun-20,0.1538
30,01-Jul-20,0.1647
1,02-Jul-20,0.1006
2,03-Jul-20,0.0668
3,06-Jul-20,0.0962
6,07-Jul-20,0.0461
7,08-Jul-20,0.0158
8,09-Jul-20,0.0178
9,13-Jul-20,0.0093
13,14-Jul-20,0.0165
14,15-Jul-20,0.0244
15,16-Jul-20,0.0178
16,17-Jul-20,0.0243
17,20-Jul-20,0.0205
20,21-Jul-20,0.0214
21,22-Jul-20,0.029
22,23-Jul-20,0.0446
23,24-Jul-20,0.2409
24,27-Jul-20,0.2719
27,28-Jul-20,0.2654
28,29-Jul-20,0.2681
29,30-Jul-20,0.1112
30,03-Aug-20,0.1015
3,04-Aug-20,0.1313
4,05-Aug-20,0.092
5,06-Aug-20,0.0362
6,07-Aug-20,0.048
7,11-Aug-20,0.1567
11,12-Aug-20,0.0836
12,13-Aug-20,0.0857
13,14-Aug-20,0.0806
14,17-Aug-20,0.1091
17,18-Aug-20,0.1038
18,19-Aug-20,0.1335
19,20-Aug-20,0.1317
20,21-Aug-20,0.0672
21,24-Aug-20,0.0552
24,25-Aug-20,0.0608
25,26-Aug-20,0.0503
26,27-Aug-20,0.041
27,28-Aug-20,0.0959
28,31-Aug-20,0.1919
31,01-Sep-20,0.2128
1,02-Sep-20,0.1274
2,03-Sep-20,0.085
3,04-Sep-20,0.066
4,07-Sep-20,0.076
7,08-Sep-20,0.0506
8,09-Sep-20,0.0401
9,10-Sep-20,0.0759
10,11-Sep-20,0.0836
11,14-Sep-20,0.1588
14,15-Sep-20,0.0814
15,16-Sep-20,0.0477
16,17-Sep-20,0.0581
17,18-Sep-20,0.0298
18,21-Sep-20,0.1386
21,22-Sep-20,0.1586
22,23-Sep-20,0.0551
23,24-Sep-20,0.1391
24,25-Sep-20,0.1323
25,28-Sep-20,0.1206
28,29-Sep-20,0.1522
29,30-Sep-20,0.0737
30,01-Oct-20,0.0786
1,02-Oct-20,0.0472
2,05-Oct-20,0.0769
5,06-Oct-20,0.1439
6,07-Oct-20,0.1596
7,08-Oct-20,0.2015
8,09-Oct-20,0.0608
9,12-Oct-20,0.2147
12,13-Oct-20,0.1456
13,14-Oct-20,0.0985
14,15-Oct-20,0.1177
15,16-Oct-20,0.1689
16,19-Oct-20,0.1113
19,20-Oct-20,0.0837
20,21-Oct-20,0.1073
21,22-Oct-20,0.0555
22,23-Oct-20,0.1126
23,26-Oct-20,0.1214
26,27-Oct-20,0.1026
27,28-Oct-20,0.1207
28,29-Oct-20,0.1286
29,30-Oct-20,0.1247
30,02-Nov-20,0.3057
2,03-Nov-20,0.145
3,04-Nov-20,0.0948
4,05-Nov-20,0.0723
5,06-Nov-20,0.0484
6,09-Nov-20,0.0749
9,10-Nov-20,0.0993
10,11-Nov-20,0.0653
11,12-Nov-20,0.0902
12,13-Nov-20,0.0802
13,16-Nov-20,0.0915
16,17-Nov-20,0.1487
17,18-Nov-20,0.097
18,19-Nov-20,0.0702
19,20-Nov-20,0.1071
20,23-Nov-20,0.0924
23,24-Nov-20,0.0708
24,25-Nov-20,0.1215
25,26-Nov-20,0.1104
26,27-Nov-20,0.1219
27,30-Nov-20,0.187
30,01-Dec-20,0.1849
1,02-Dec-20,0.1787
2,03-Dec-20,0.1773
3,04-Dec-20,0.1413
4,07-Dec-20,0.0685
7,08-Dec-20,0.103
8,09-Dec-20,0.1078
9,10-Dec-20,0.0808
10,11-Dec-20,0.1015
11,14-Dec-20,0.0811
14,15-Dec-20,0.0945
15,16-Dec-20,0.0789
16,17-Dec-20,0.1219
17,18-Dec-20,0.1234
18,21-Dec-20,0.1382
21,22-Dec-20,0.1307
22,23-Dec-20,0.1513
23,24-Dec-20,0.1564
24,28-Dec-20,0.2342
28,29-Dec-20,0.117
29,30-Dec-20,0.2152
30,31-Dec-20,0.308
31,04-Jan-21,0.938
4,05-Jan-21,0.0901
5,06-Jan-21,0.1198
6,07-Jan-21,0.1296
7,08-Jan-21,0.1772
8,11-Jan-21,0.195
11,12-Jan-21,0.218
12,13-Jan-21,0.1366
13,14-Jan-21,0.1166
14,15-Jan-21,0.0954
15,18-Jan-21,0.1011
18,19-Jan-21,0.1652
19,20-Jan-21,0.1444
20,21-Jan-21,0.0991
21,22-Jan-21,0.1174
22,25-Jan-21,0.1422
25,26-Jan-21,0.1151
26,27-Jan-21,0.1375
27,28-Jan-21,0.1084
28,29-Jan-21,0.2762
29,01-Feb-21,0.237
1,02-Feb-21,0.2074
2,03-Feb-21,0.1499
3,04-Feb-21,0.0794
4,05-Feb-21,0.0742
5,08-Feb-21,0.0953
8,09-Feb-21,0.1133
9,10-Feb-21,0.1684
10,11-Feb-21,0.1984
11,15-Feb-21,0.3526
15,16-Feb-21,0.1975
16,17-Feb-21,0.1493
17,18-Feb-21,0.1093
18,19-Feb-21,0.0952
19,22-Feb-21,0.2915
22,23-Feb-21,0.2423
23,24-Feb-21,0.18
24,25-Feb-21,0.1738
25,26-Feb-21,0.2477
26,01-Mar-21,0.2626
1,02-Mar-21,0.1225
2,03-Mar-21,0.0673
3,04-Mar-21,0.0402
4,05-Mar-21,0.0881
5,08-Mar-21,0.1602
8,09-Mar-21,0.18
9,10-Mar-21,0.1924
10,11-Mar-21,0.1407
11,12-Mar-21,0.3155
12,15-Mar-21,0.3893
15,16-Mar-21,0.3427
16,17-Mar-21,0.2377
17,18-Mar-21,0.2138
18,19-Mar-21,0.2602
19,22-Mar-21,0.1901
22,23-Mar-21,0.1392
23,24-Mar-21,0.2282
24,25-Mar-21,0.2232
25,26-Mar-21,0.2672
26,29-Mar-21,0.3997
29,30-Mar-21,0.2246
30,31-Mar-21,0.1754
31,01-Apr-21,0.2315
1,05-Apr-21,0.0946
5,06-Apr-21,0.1315
6,07-Apr-21,0.0873
7,08-Apr-21,0.0507
8,09-Apr-21,0.0507
9,12-Apr-21,0.0635
12,13-Apr-21,0.0412
13,14-Apr-21,0.0679
14,15-Apr-21,0.091
15,16-Apr-21,0.061
16,19-Apr-21,0.1517
19,20-Apr-21,0.0657
20,21-Apr-21,0.1447
21,22-Apr-21,0.1091
22,23-Apr-21,0.1791
23,26-Apr-21,0.1937
26,27-Apr-21,0.0839
27,28-Apr-21,0.1885
28,29-Apr-21,0.176
29,30-Apr-21,0.185
30,03-May-21,0.2504
3,04-May-21,0.1984
4,05-May-21,0.1561
5,06-May-21,0.1897
6,07-May-21,0.0815
7,10-May-21,0.2114
10,11-May-21,0.1767
11,12-May-21,0.1049
12,14-May-21,0.1544
14,17-May-21,0.1784
17,18-May-21,0.1715
18,19-May-21,0.1064
19,20-May-21,0.0635
20,21-May-21,0.072
21,24-May-21,0.067
24,25-May-21,0.1014
25,27-May-21,0.0841
27,28-May-21,0.1136
28,31-May-21,0.2438
31,01-Jun-21,0.1514
1,02-Jun-21,0.1783
2,03-Jun-21,0.1617
3,04-Jun-21,0.0999
4,07-Jun-21,0.0772
7,08-Jun-21,0.0772
8,09-Jun-21,0.1203
9,10-Jun-21,0.0623
10,11-Jun-21,0.0619
11,14-Jun-21,0.1087
14,15-Jun-21,0.107
15,16-Jun-21,0.0944
16,17-Jun-21,0.1069
17,18-Jun-21,0.1888
18,21-Jun-21,0.2384
21,22-Jun-21,0.1659
22,23-Jun-21,0.1492
23,24-Jun-21,0.1443
24,25-Jun-21,0.2042
25,28-Jun-21,0.1029
28,29-Jun-21,0.1065
29,30-Jun-21,0.0565
30,01-Jul-21,0.0665
1,02-Jul-21,0.0609
2,05-Jul-21,0.1096
5,06-Jul-21,0.1163
6,07-Jul-21,0.0957
7,08-Jul-21,0.0938
8,09-Jul-21,0.113
9,12-Jul-21,0.1433
12,13-Jul-21,0.0714
13,14-Jul-21,0.0675
14,15-Jul-21,0.0877
15,16-Jul-21,0.0879
16,19-Jul-21,0.0809
19,21-Jul-21,0.0918
21,22-Jul-21,0.1569
22,23-Jul-21,0.1912
23,26-Jul-21,0.0974
26,27-Jul-21,0.0814
27,28-Jul-21,0.1232
28,29-Jul-21,0.1232
29,30-Jul-21,0.1314
30,02-Aug-21,0.2749
2,03-Aug-21,0.226
3,04-Aug-21,0.115
4,05-Aug-21,0.083
5,06-Aug-21,0.0861
6,10-Aug-21,0.2318
10,11-Aug-21,0.0678
11,12-Aug-21,0.1028
12,13-Aug-21,0.1002
13,16-Aug-21,0.0983
16,17-Aug-21,0.0877
17,18-Aug-21,0.1209
18,19-Aug-21,0.0921
19,20-Aug-21,0.1033
20,23-Aug-21,0.1166
23,24-Aug-21,0.1066
24,25-Aug-21,0.1166
25,26-Aug-21,0.1106
26,27-Aug-21,0.1143
27,30-Aug-21,0.2281
30,31-Aug-21,0.2077
31,01-Sep-21,0.2215
1,02-Sep-21,0.1921
2,03-Sep-21,0.166
3,06-Sep-21,0.152
6,07-Sep-21,0.1091
7,08-Sep-21,0.1838
8,09-Sep-21,0.1491
9,10-Sep-21,0.1052
10,13-Sep-21,0.0927
13,14-Sep-21,0.1059
14,15-Sep-21,0.0691
15,16-Sep-21,0.1184
16,17-Sep-21,0.1217
17,20-Sep-21,0.1375
20,21-Sep-21,0.1694
21,22-Sep-21,0.142
22,23-Sep-21,0.1811
23,24-Sep-21,0.116
24,27-Sep-21,0.1219
27,28-Sep-21,0.1136
28,29-Sep-21,0.0939
29,30-Sep-21,0.077
30,01-Oct-21,0.0665
1,04-Oct-21,0.0802
4,05-Oct-21,0.0514
5,06-Oct-21,0.0731
6,07-Oct-21,0.0611
7,08-Oct-21,0.1302
8,11-Oct-21,0.2065
11,12-Oct-21,0.2027
12,13-Oct-21,0.1676
13,14-Oct-21,0.1782
14,15-Oct-21,0.2286
15,18-Oct-21,0.3204
18,19-Oct-21,0.2243
19,20-Oct-21,0.3152
20,21-Oct-21,0.26
21,22-Oct-21,0.1892
22,25-Oct-21,0.2247
25,26-Oct-21,0.2614
26,27-Oct-21,0.1743
27,28-Oct-21,0.0989
28,29-Oct-21,0.1414
29,01-Nov-21,0.2229
1,02-Nov-21,0.1859
2,03-Nov-21,0.1453
3,05-Nov-21,0.1097
5,08-Nov-21,0.0764
8,09-Nov-21,0.0895
9,10-Nov-21,0.1139
10,11-Nov-21,0.1607
11,12-Nov-21,0.1597
12,15-Nov-21,0.192
15,16-Nov-21,0.1681
16,17-Nov-21,0.2179
17,18-Nov-21,0.246
18,19-Nov-21,0.1922
19,22-Nov-21,0.2522
22,23-Nov-21,0.0987
23,24-Nov-21,0.1422
24,25-Nov-21,0.1622
25,26-Nov-21,0.1391
26,29-Nov-21,0.1391
29,30-Nov-21,0.1185
30,01-Dec-21,0.1128
1,02-Dec-21,0.1276
2,03-Dec-21,0.101
3,06-Dec-21,0.1943
6,07-Dec-21,0.3106
7,08-Dec-21,0.3318
8,09-Dec-21,0.2237
9,10-Dec-21,0.1312
10,13-Dec-21,0.1584
13,14-Dec-21,0.2878
14,15-Dec-21,0.332
15,16-Dec-21,0.2033
16,17-Dec-21,0.1865
17,20-Dec-21,0.2447
20,21-Dec-21,0.192
21,22-Dec-21,0.1391
22,23-Dec-21,0.1056
23,24-Dec-21,0.1582
24,27-Dec-21,0.3037
27,28-Dec-21,0.2116
28,29-Dec-21,0.2229
29,30-Dec-21,0.2785
30,31-Dec-21,0.2885
31,03-Jan-22,0.3065
3,04-Jan-22,0.1416
4,05-Jan-22,0.1467
5,06-Jan-22,0.1767
6,07-Jan-22,0.1191
7,10-Jan-22,0.1461
10,11-Jan-22,0.1034
11,12-Jan-22,0.1839
12,13-Jan-22,0.1942
13,14-Jan-22,0.2201
14,17-Jan-22,0.2078
17,18-Jan-22,0.1239
18,19-Jan-22,0.1417
19,20-Jan-22,0.1217
20,21-Jan-22,0.3139
21,24-Jan-22,0.252
24,25-Jan-22,0.1559
25,26-Jan-22,0.2025
26,27-Jan-22,0.4588
27,28-Jan-22,0.3056
28,31-Jan-22,0.3513
31,03-Feb-22,0.4113
3,04-Feb-22,0.3069
4,07-Feb-22,0.255
7,08-Feb-22,0.2679
8,09-Feb-22,0.232
9,10-Feb-22,0.1587
10,11-Feb-22,0.1079
11,14-Feb-22,0.1998
14,15-Feb-22,0.1255
15,16-Feb-22,0.1753
16,17-Feb-22,0.3018
17,18-Feb-22,0.2827
18,21-Feb-22,0.5133
21,22-Feb-22,0.2383
22,23-Feb-22,0.3306
23,24-Feb-22,0.2791
24,25-Feb-22,0.3585
25,28-Feb-22,0.4876
28,01-Mar-22,0.3278
1,02-Mar-22,0.1873
2,03-Mar-22,0.0958
3,04-Mar-22,0.0746
4,07-Mar-22,0.0503
7,08-Mar-22,0.0353
8,09-Mar-22,0.0671
9,10-Mar-22,0.0552
10,11-Mar-22,0.1287
11,14-Mar-22,0.1339
14,15-Mar-22,0.1697
15,16-Mar-22,0.2256
16,17-Mar-22,0.308
17,18-Mar-22,0.2828
18,21-Mar-22,0.2674
21,22-Mar-22,0.4299
22,23-Mar-22,0.5122
23,24-Mar-22,0.6932
24,25-Mar-22,0.5659
25,28-Mar-22,0.6959
28,29-Mar-22,0.5117
29,30-Mar-22,0.2905
30,31-Mar-22,0.4571
31,01-Apr-22,0.6085
1,04-Apr-22,0.4185
4,05-Apr-22,0.4275
5,06-Apr-22,0.3975
6,07-Apr-22,0.21
7,08-Apr-22,0.2788
8,11-Apr-22,0.3149
11,12-Apr-22,0.2087
12,13-Apr-22,0.202
13,14-Apr-22,0.371
14,18-Apr-22,0.3222
18,19-Apr-22,0.1256
19,20-Apr-22,0.0697
20,21-Apr-22,0.1775
21,22-Apr-22,0.1685
22,25-Apr-22,0.3626
25,26-Apr-22,0.3009
26,27-Apr-22,0.4155
27,28-Apr-22,0.3473
28,29-Apr-22,0.3586
29,04-May-22,0.6764
4,05-May-22,0.4734
5,06-May-22,0.8411
6,09-May-22,1.0536
9,10-May-22,0.8536
10,11-May-22,0.7515
11,12-May-22,0.8674
12,13-May-22,0.8913
13,17-May-22,1.3711
17,18-May-22,0.9053
18,19-May-22,1.0299
19,20-May-22,0.8836
20,23-May-22,1.1684
23,24-May-22,1.0128
24,25-May-22,0.9456
25,26-May-22,0.833
26,27-May-22,0.7681
27,30-May-22,0.8901
30,31-May-22,0.6365
31,01-Jun-22,0.7187
1,02-Jun-22,0.3254
2,03-Jun-22,0.53
3,06-Jun-22,0.5567
6,07-Jun-22,0.438
7,08-Jun-22,0.4952
8,09-Jun-22,0.5242
9,10-Jun-22,0.5809
10,13-Jun-22,0.795
13,14-Jun-22,0.5746
14,15-Jun-22,0.4416
15,16-Jun-22,0.3983
16,17-Jun-22,0.7937
17,20-Jun-22,1.2041
20,21-Jun-22,0.9917
21,22-Jun-22,1.4164
22,23-Jun-22,1.5641
23,24-Jun-22,1.6942
24,27-Jun-22,1.8636
27,28-Jun-22,1.8345
28,29-Jun-22,1.8628
29,30-Jun-22,1.5571
30,01-Jul-22,1.6562
1,04-Jul-22,1.5362
4,05-Jul-22,1.7837
5,06-Jul-22,1.8123
6,07-Jul-22,1.6429
7,08-Jul-22,1.7389
8,12-Jul-22,1.9193
12,13-Jul-22,1.8141
13,14-Jul-22,1.9374
14,15-Jul-22,1.8585
15,18-Jul-22,1.9391
18,19-Jul-22,1.8921
19,20-Jul-22,1.8618
20,21-Jul-22,1.7924
21,22-Jul-22,1.7682
22,25-Jul-22,1.7276
25,26-Jul-22,1.7221
26,27-Jul-22,1.6908
27,28-Jul-22,1.5258
28,29-Jul-22,2.0407
29,01-Aug-22,2.1354
1,02-Aug-22,1.7515
2,03-Aug-22,1.6888
3,04-Aug-22,1.372
4,05-Aug-22,1.3522
5,08-Aug-22,1.8269
8,10-Aug-22,1.7915
10,11-Aug-22,1.4935
11,12-Aug-22,1.7252
12,15-Aug-22,1.7601
15,16-Aug-22,1.925
16,17-Aug-22,1.9116
17,18-Aug-22,1.9236
18,19-Aug-22,1.9402
19,22-Aug-22,2.24
22,23-Aug-22,2.2324
23,24-Aug-22,2.0993
24,25-Aug-22,2.0684
25,26-Aug-22,1.8673
26,29-Aug-22,2.0088
29,30-Aug-22,2.0025
30,31-Aug-22,2.3441
31,01-Sep-22,2.3098
1,02-Sep-22,2.1288
2,05-Sep-22,2.0446
5,06-Sep-22,2.1529
6,07-Sep-22,2.1205
7,08-Sep-22,2.1104
8,09-Sep-22,2.1779
9,12-Sep-22,2.3502
12,13-Sep-22,2.3312
13,14-Sep-22,2.1991
14,15-Sep-22,1.8883
15,16-Sep-22,1.7246
16,19-Sep-22,1.8667
19,20-Sep-22,1.7493
20,21-Sep-22,1.6736
21,22-Sep-22,1.6232
22,23-Sep-22,1.9389
23,26-Sep-22,2.4129
26,27-Sep-22,2.5312
27,28-Sep-22,2.7578
28,29-Sep-22,2.7431
29,30-Sep-22,3.8935
30,03-Oct-22,4.3916
3,04-Oct-22,3.3298
4,05-Oct-22,3.4719
5,06-Oct-22,3.0171
6,07-Oct-22,3.051
7,10-Oct-22,3.3825
10,11-Oct-22,2.9205
11,12-Oct-22,3.3732
12,13-Oct-22,2.8295
13,14-Oct-22,3.3484
14,17-Oct-22,3.1934
17,18-Oct-22,3.0285
18,19-Oct-22,3.131
19,20-Oct-22,2.6315
20,21-Oct-22,3.1709
21,25-Oct-22,3.1748
25,26-Oct-22,2.8631
26,27-Oct-22,2.9027
27,28-Oct-22,2.8342
28,31-Oct-22,2.8441
31,01-Nov-22,2.8521
1,02-Nov-22,2.5984
2,03-Nov-22,2.6474
3,04-Nov-22,2.6021
4,07-Nov-22,3.0022
7,08-Nov-22,2.8969
8,09-Nov-22,2.9901
9,10-Nov-22,2.9104
10,11-Nov-22,3.267
11,14-Nov-22,3.3943
14,15-Nov-22,3.0921
15,16-Nov-22,2.952
16,17-Nov-22,2.9029
17,18-Nov-22,3.2026
18,21-Nov-22,3.5309
21,22-Nov-22,3.7997
22,23-Nov-22,3.6666
23,24-Nov-22,3.5174
24,25-Nov-22,3.5447
25,28-Nov-22,3.6561
28,29-Nov-22,3.5562
29,30-Nov-22,3.7033
30,01-Dec-22,3.9119
1,02-Dec-22,3.9219
2,05-Dec-22,4.0119
5,06-Dec-22,3.5244
6,07-Dec-22,3.4458
7,08-Dec-22,3.5036
8,09-Dec-22,3.2336
9,12-Dec-22,3.1336
12,13-Dec-22,2.5836
13,14-Dec-22,2.0537
14,15-Dec-22,1.6457
15,16-Dec-22,2.36
16,19-Dec-22,2.3425
19,20-Dec-22,1.7577
20,21-Dec-22,1.7632
21,22-Dec-22,1.5529
22,23-Dec-22,1.6509
23,27-Dec-22,3.1332
27,28-Dec-22,1.8706
28,29-Dec-22,1.8126
29,30-Dec-22,1.6525
30,03-Jan-23,2.5293
3,04-Jan-23,2.1567
4,05-Jan-23,2.4019
5,06-Jan-23,2.6482
6,09-Jan-23,3.1851
9,10-Jan-23,3.7433
10,11-Jan-23,3.4177
11,12-Jan-23,3.2209
12,13-Jan-23,3.3641
13,16-Jan-23,3.8002
16,17-Jan-23,3.4653
17,18-Jan-23,3.557
18,19-Jan-23,3.6487
19,20-Jan-23,3.6037
20,25-Jan-23,3.5817
25,26-Jan-23,3.6014
26,27-Jan-23,3.5637
27,30-Jan-23,3.6736
30,31-Jan-23,3.8375
31,01-Feb-23,3.8693
1,02-Feb-23,3.5675
2,03-Feb-23,3.5598
3,06-Feb-23,3.6127
6,07-Feb-23,3.4294
7,08-Feb-23,3.118
8,09-Feb-23,3.1004
9,10-Feb-23,3.2456
10,13-Feb-23,3.6578
13,14-Feb-23,3.3393
14,15-Feb-23,3.2662
15,16-Feb-23,3.3614
16,17-Feb-23,3.5088
17,20-Feb-23,3.7467
20,21-Feb-23,3.4676
21,22-Feb-23,3.4653
22,23-Feb-23,3.4287
23,24-Feb-23,3.6511
24,27-Feb-23,3.8658
27,28-Feb-23,3.6984
28,01-Mar-23,3.4497
1,02-Mar-23,3.5485
2,03-Mar-23,3.5808
3,06-Mar-23,3.6079
6,07-Mar-23,3.63
7,08-Mar-23,3.4847
8,09-Mar-23,3.5667
9,10-Mar-23,3.5983
10,13-Mar-23,3.761
13,14-Mar-23,3.7279
14,15-Mar-23,3.4985
15,16-Mar-23,3.3535
16,17-Mar-23,3.7938
17,20-Mar-23,3.8871
20,21-Mar-23,3.8396
21,22-Mar-23,3.8887
22,23-Mar-23,3.7178
23,24-Mar-23,4.0825
24,27-Mar-23,3.6203
27,28-Mar-23,3.5509
28,29-Mar-23,3.5253
